DataSet,psnr,ssim
BSD100,25.69825013076916,0.6956595683097839
Set14,25.604634107938505,0.7314180061221123
Set5,28.77816707830852,0.8325088381767273
SunHays80,No data,No data
Urban100,23.584492806669573,0.7205292782187462
