DataSet,psnr,ssim
Set14,26.109653825603573,0.7543270587921143
BSD100,25.85569967416615,0.7061612606048584
Urban100,24.016386304781378,0.7405543768405914
SunHays80,No data,No data
Set5,29.54997029565978,0.8558081746101379
